Workbook

Sheet Mi Cartera
A1: MI CARTERA DE INVERSIONES
A2: Completá las columnas en celeste · El resto se calcula automáticamente
A4: Ticker | B4: Nombre del activo | C4: Unidades | D4: Precio compra (USD) | E4: Precio actual (USD) | F4: Valor compra (USD) | G4: Valor actual (USD) | H4: P&L (USD) | I4: P&L (%) | J4: Peso (%)
A5: AAPL | B5: Apple Inc. | C5: 150 | D5: 145.2 | E5: 297.84 | F5: =C5*D5 | G5: =C5*E5 | H5: =G5-F5 | I5: =(G5/F5-1)*100 | J5: =G5/G$12*100
A6: MSFT | B6: Microsoft | C6: 80 | D6: 290.5 | E6: 423.54 | F6: =C6*D6 | G6: =C6*E6 | H6: =G6-F6 | I6: =(G6/F6-1)*100 | J6: =G6/G$12*100
A7: GOOGL | B7: Alphabet | C7: 40 | D7: 138.75 | E7: 396.94 | F7: =C7*D7 | G7: =C7*E7 | H7: =G7-F7 | I7: =(G7/F7-1)*100 | J7: =G7/G$12*100
A8: BRK-B | B8: Berkshire Hathaway | C8: 60 | D8: 278.3 | E8: 488.38 | F8: =C8*D8 | G8: =C8*E8 | H8: =G8-F8 | I8: =(G8/F8-1)*100 | J8: =G8/G$12*100
A9: JPM | B9: JPMorgan Chase | C9: 100 | D9: 148.6 | E9: 300.73 | F9: =C9*D9 | G9: =C9*E9 | H9: =G9-F9 | I9: =(G9/F9-1)*100 | J9: =G9/G$12*100
A10: GLD | B10: SPDR Gold ETF | C10: 50 | D10: 168.4 | E10: 418.43 | F10: =C10*D10 | G10: =C10*E10 | H10: =G10-F10 | I10: =(G10/F10-1)*100 | J10: =G10/G$12*100
A11: SPY | B11: S&P 500 ETF | C11: 30 | D11: 430 | E11: 738.65 | F11: =C11*D11 | G11: =C11*E11 | H11: =G11-F11 | I11: =(G11/F11-1)*100 | J11: =G11/G$12*100
A12: TOTAL CARTERA | F12: =SUM(F5:F11) | G12: =SUM(G5:G11) | H12: =SUM(H5:H11) | I12: =(G12/F12-1)*100 | J12: =SUM(J5:J11)
A14: ℹ Columnas en celeste son editables. Precio actual corresponde al último dato disponible del CSV generado por el pipeline Python.

Sheet Precios
A1: PRECIOS HISTÓRICOS DE CIERRE
A2: Últimos 60 días hábiles · Fuente: Yahoo Finance vía yfinance
A4: Fecha | B4: AAPL | C4: BRK-B | D4: GLD | E4: GOOGL | F4: JPM | G4: MSFT | H4: SPY
A5: 2026-02-23 | B5: 265.93 | C5: 494.09 | D5: 481.28 | E5: 311.27 | F5: 296.15 | G5: 384.47 | H5: 680.53
A6: 2026-02-24 | B6: 271.89 | C6: 494.51 | D6: 474.61 | E6: 310.68 | F6: 295.79 | G6: 389 | H6: 685.48
A7: 2026-02-25 | B7: 273.98 | C7: 493.99 | D7: 473.42 | E7: 312.68 | F7: 301.76 | G7: 400.6 | H7: 691.26
A8: 2026-02-26 | B8: 272.7 | C8: 502.67 | D8: 477.48 | E8: 307.16 | F8: 304.57 | G8: 401.72 | H8: 687.42
A9: 2026-02-27 | B9: 263.94 | C9: 504.95 | D9: 483.75 | E9: 311.54 | F9: 298.77 | G9: 392.74 | H9: 684.12
A10: 2026-03-02 | B10: 264.48 | C10: 480.17 | D10: 490 | E10: 306.3 | F10: 296.04 | G10: 398.55 | H10: 684.51
A11: 2026-03-03 | B11: 263.51 | C11: 481.36 | D11: 468.14 | E11: 303.37 | F11: 298.73 | G11: 403.93 | H11: 678.48
A12: 2026-03-04 | B12: 262.28 | C12: 487.48 | D12: 471.8 | E12: 302.92 | F12: 297.87 | G12: 405.2 | H12: 683.26
A13: 2026-03-05 | B13: 260.05 | C13: 500.4 | D13: 466.13 | E13: 300.67 | F13: 292.06 | G13: 410.68 | H13: 679.45
A14: 2026-03-06 | B14: 257.22 | C14: 498.98 | D14: 473.51 | E14: 298.31 | F14: 288.01 | G14: 408.96 | H14: 670.55
A15: 2026-03-09 | B15: 259.64 | C15: 497.2 | D15: 472.53 | E15: 306.36 | F15: 288.44 | G15: 409.41 | H15: 676.42
A16: 2026-03-10 | B16: 260.59 | C16: 494.14 | D16: 477.86 | E16: 307.04 | F16: 287.26 | G16: 405.76 | H16: 675.34
... A64: 2026-05-18 | B64: 297.84 | C64: 488.38 | D64: 418.43 | E64: 396.94 | F64: 300.73 | G64: 423.54 | H64: 738.65

Sheet Resumen
A1: RESUMEN EJECUTIVO DE LA CARTERA
A2: KPIs consolidados · Se actualiza automáticamente al modificar 'Mi Cartera'
B5: 💼 Valor total de compra (USD) | E5: 🏆 Mejor activo (mayor P&L %)
B6: ='Mi Cartera'!F12 | E6: =INDEX('Mi Cartera'!A5:A11,MATCH(MAX('Mi Cartera'!I5:I11),'Mi Cartera'!I5:I11,0))
B8: 📈 Valor actual de la cartera | E8: 📉 Peor activo (menor P&L %)
B9: ='Mi Cartera'!G12 | E9: =INDEX('Mi Cartera'!A5:A11,MATCH(MIN('Mi Cartera'!I5:I11),'Mi Cartera'!I5:I11,0))
B11: 💰 P&L total (USD) | E11: 🔢 Cantidad de activos
B12: ='Mi Cartera'!H12 | E12: =COUNTA('Mi Cartera'!A5:A11)
B14: 📊 P&L total (%) | E14: 📅 Última actualización
B15: ='Mi Cartera'!I12 | E15: =TODAY()
B18: DETALLE POR ACTIVO
B19: Ticker | C19: P&L (USD) | D19: P&L (%) | E19: Valor actual | F19: Peso (%)
B20: ='Mi Cartera'!A5 | C20: ='Mi Cartera'!H5 | D20: ='Mi Cartera'!I5 | E20: ='Mi Cartera'!G5 | F20: ='Mi Cartera'!J5
B21: ='Mi Cartera'!A6 | C21: ='Mi Cartera'!H6 | D21: ='Mi Cartera'!I6 | E21: ='Mi Cartera'!G6 | F21: ='Mi Cartera'!J6
B22: ='Mi Cartera'!A7 | C22: ='Mi Cartera'!H7 | D22: ='Mi Cartera'!I7 | E22: ='Mi Cartera'!G7 | F22: ='Mi Cartera'!J7
B23: ='Mi Cartera'!A8 | C23: ='Mi Cartera'!H8 | D23: ='Mi Cartera'!I8 | E23: ='Mi Cartera'!G8 | F23: ='Mi Cartera'!J8
B24: ='Mi Cartera'!A9 | C24: ='Mi Cartera'!H9 | D24: ='Mi Cartera'!I9 | E24: ='Mi Cartera'!G9 | F24: ='Mi Cartera'!J9
B25: ='Mi Cartera'!A10 | C25: ='Mi Cartera'!H10 | D25: ='Mi Cartera'!I10 | E25: ='Mi Cartera'!G10 | F25: ='Mi Cartera'!J10
B26: ='Mi Cartera'!A11 | C26: ='Mi Cartera'!H11 | D26: ='Mi Cartera'!I11 | E26: ='Mi Cartera'!G11 | F26: ='Mi Cartera'!J11
